{
  "version": "1.1.1",
  "windows": {
    "worker": {},
    "main": {
      "main": true,
      "url": "app://editor/index.html",
      "windowType": "dockable",
      "x": 0,
      "y": 0,
      "width": 1536,
      "height": 824,
      "layout": {
        "children": [
          {
            "children": [
              {
                "active": 0,
                "children": [
                  "hierarchy"
                ],
                "height": 296.6625061035156,
                "type": "panel",
                "width": 269.0625
              },
              {
                "active": 0,
                "children": [
                  "assets"
                ],
                "height": 408.5375061035156,
                "type": "panel",
                "width": 269.0625
              }
            ],
            "height": 707.2000122070312,
            "type": "dock-v",
            "width": 269.0625
          },
          {
            "children": [
              {
                "children": [
                  {
                    "active": 0,
                    "children": [
                      "scene"
                    ],
                    "height": 354.6000061035156,
                    "type": "panel",
                    "width": 613.5
                  },
                  {
                    "active": 0,
                    "children": [
                      "node-library"
                    ],
                    "height": 354.6000061035156,
                    "type": "panel",
                    "width": 329.7250061035156
                  }
                ],
                "height": 354.6000061035156,
                "type": "dock-h",
                "width": 945.2374877929688
              },
              {
                "active": 0,
                "children": [
                  "console",
                  "timeline",
                  "game-window"
                ],
                "height": 350.6000061035156,
                "type": "panel",
                "width": 945.2374877929688
              }
            ],
            "height": 707.2000122070312,
            "type": "dock-v",
            "width": 945.2374877929688
          },
          {
            "active": 0,
            "children": [
              "inspector",
              "cocos-services"
            ],
            "height": 707.2000122070312,
            "type": "panel",
            "width": 304.07501220703125
          }
        ],
        "type": "dock-h"
      },
      "panels": [
        "hierarchy",
        "assets",
        "node-library",
        "console",
        "timeline",
        "game-window",
        "inspector",
        "cocos-services",
        "scene"
      ]
    }
  },
  "panels": {
    "project-settings": {
      "x": 468,
      "y": 128,
      "width": 604,
      "height": 568
    },
    "builder": {
      "x": 712,
      "y": 60,
      "width": 675,
      "height": 708
    }
  }
}