{
  "9836134e-b892-4283-b6b2-78b5acf3ed45": {
    "asset": 1583164169800,
    "meta": 1568707382000,
    "relativePath": "effects"
  },
  "f8e6b000-5643-4b86-9080-aa680ce1f599": {
    "asset": 1583164170081,
    "meta": 1568707382000,
    "relativePath": "image"
  },
  "5c3eedba-6c41-4c0c-9ba7-d91f813cbd1c": {
    "asset": 1583164170144,
    "meta": 1568707382000,
    "relativePath": "materials"
  },
  "fc09f9bd-2cce-4605-b630-8145ef809ed6": {
    "asset": 1583164170206,
    "meta": 1568707382000,
    "relativePath": "misc"
  },
  "db019bf7-f71c-4111-98cf-918ea180cb48": {
    "asset": 1583164170331,
    "meta": 1568707382000,
    "relativePath": "model"
  },
  "e39e96e6-6f6e-413f-bcf1-ac7679bb648a": {
    "asset": 1583164170316,
    "meta": 1568707382000,
    "relativePath": "model\\prefab"
  },
  "f6e6dd15-71d1-4ffe-ace7-24fd39942c05": {
    "asset": 1583164170363,
    "meta": 1568707382000,
    "relativePath": "obsolete"
  },
  "f743d2b6-b7ea-4c14-a55b-547ed4d0a045": {
    "asset": 1583164170394,
    "meta": 1568707382000,
    "relativePath": "particle"
  },
  "ae6c6c98-11e4-452f-8758-75f5c6a56e83": {
    "asset": 1583164170675,
    "meta": 1568707382000,
    "relativePath": "prefab"
  },
  "d8afc78c-4eac-4a9f-83dd-67bc70344d33": {
    "asset": 1583164170847,
    "meta": 1568707382000,
    "relativePath": "resources"
  },
  "294c1663-4adf-4a1e-a795-53808011a38a": {
    "asset": 1583164170753,
    "meta": 1568707382000,
    "relativePath": "resources\\effects"
  },
  "bbee2217-c261-49bd-a8ce-708d6bcc3500": {
    "asset": 1583164170831,
    "meta": 1568707382000,
    "relativePath": "resources\\materials"
  },
  "e25e68ba-d676-4fc2-b696-41f8223278d0": {
    "asset": 1584800686859,
    "meta": 1584797219008,
    "relativePath": "resources"
  },
  "caa55f2d-9d6a-40b5-ad8f-6bbb4566b801": {
    "asset": 1584797571217,
    "meta": 1584797234000,
    "relativePath": "scene"
  },
  "27ef3ebb-3895-4de7-85ef-79762ab619d8": {
    "asset": 1584877183848,
    "meta": 1584797259506,
    "relativePath": "script"
  },
  "0db73c34-b8a4-4f00-bef5-cfc470a29ada": {
    "asset": 1584798575747,
    "meta": 1584797294370,
    "relativePath": "script\\map"
  },
  "b0f6dc85-a76e-4bdf-a11c-d1b518f80db5": {
    "asset": 1587037828445,
    "meta": 1584797293893,
    "relativePath": "script\\map\\base"
  },
  "f58752f0-7320-4a2f-b7a3-d4d59e42c1f6": {
    "asset": 1584797293940,
    "meta": 1584797293893,
    "relativePath": "script\\map\\charactor"
  },
  "967a1a19-a1dd-4241-81d7-a92f041c19e9": {
    "asset": 1584797294195,
    "meta": 1584797295330,
    "relativePath": "script\\map\\base\\MapType.ts"
  },
  "76609af6-ff56-411b-a2e5-b6a6027fb037": {
    "asset": 1584797294132,
    "meta": 1584797293894,
    "relativePath": "script\\map\\road"
  },
  "520e470b-8810-4f2d-8444-cd2446965b49": {
    "asset": 1584797294210,
    "meta": 1584797298532,
    "relativePath": "script\\map\\road\\Point.ts"
  },
  "947e5c01-22b6-4157-82ba-dfd1d033d6ca": {
    "asset": 1584800696846,
    "meta": 1584797293894,
    "relativePath": "resources\\sample"
  },
  "37502319-9924-4436-bd93-a6cc58684486": {
    "asset": 1584797294340,
    "meta": 1584797298666,
    "relativePath": "resources\\map\\bg\\map_bg.jpg"
  },
  "7742ee15-68c5-4d5d-97a3-6f923e0802e1": {
    "asset": 1584797294346,
    "meta": 1584797298882,
    "relativePath": "resources\\sample\\10001.png"
  },
  "7c59804e-f894-4753-97cb-ffe0d43e52d6": {
    "asset": 1584798330258,
    "meta": 1584797837016,
    "relativePath": "script\\map\\layer"
  },
  "e1cbe8cf-9640-4ffc-8b2a-021c7f917ab1": {
    "asset": 1584801325037,
    "meta": 1584800681591,
    "relativePath": "resources\\map"
  },
  "abbf4c7e-7fba-4aa4-9e73-c89c5ca7fc03": {
    "asset": 1587034147493,
    "meta": 1584801313063,
    "relativePath": "resources\\map\\bg"
  },
  "fe376153-3adf-496d-873b-f94b28faf8d3": {
    "asset": 1584888380433,
    "meta": 1584801320255,
    "relativePath": "resources\\map\\data"
  },
  "38983af0-c3cc-42a2-bd83-49e6b001f888": {
    "asset": 1584803694927,
    "meta": 1584803769917,
    "relativePath": "script\\map\\road\\MapRoadUtils.ts"
  },
  "a55696bb-2934-4388-a1af-182ab13401ef": {
    "asset": 1584803722591,
    "meta": 1584803769996,
    "relativePath": "script\\map\\road\\RoadNode.ts"
  },
  "b8dde4b7-bf3a-4a7f-a9a5-55258802238e": {
    "asset": 1584887281017,
    "meta": 1584887281116,
    "relativePath": "resources\\map\\data\\mapData.json"
  },
  "e4f3fe84-cffc-40ca-ac1a-e0d853f234d8": {
    "asset": 1585319621788,
    "meta": 1585319656123,
    "relativePath": "script\\map\\road\\IRoadSeeker.ts"
  },
  "bfc79fd0-65a1-48fa-b90d-485d50c15518": {
    "asset": 1587050944926,
    "meta": 1587034147494,
    "relativePath": "resources\\map\\bg\\map_bg"
  },
  "47555d90-9bc8-4c89-87ab-1d6f21bb79eb": {
    "asset": 1587034148271,
    "meta": 1587034147516,
    "relativePath": "resources\\map\\bg\\map_bg\\slices"
  },
  "b5214a54-3b67-485b-9b63-b4db29b5213f": {
    "asset": 1587034147291,
    "meta": 1587034148398,
    "relativePath": "resources\\map\\bg\\map_bg\\slices\\1_1.jpg"
  },
  "ffb456a3-0e23-44de-964c-593a8e544aab": {
    "asset": 1587034147291,
    "meta": 1587034148450,
    "relativePath": "resources\\map\\bg\\map_bg\\slices\\1_2.jpg"
  },
  "f1039687-660c-4b1d-912a-5f950868596f": {
    "asset": 1587034147291,
    "meta": 1587034148473,
    "relativePath": "resources\\map\\bg\\map_bg\\slices\\1_10.jpg"
  },
  "b07ffed7-05ad-423a-9ffa-cc36ab896b3d": {
    "asset": 1587034147291,
    "meta": 1587034148529,
    "relativePath": "resources\\map\\bg\\map_bg\\slices\\1_4.jpg"
  },
  "e0885dd9-c220-4382-83e8-5f53e653cf00": {
    "asset": 1587034147291,
    "meta": 1587034148552,
    "relativePath": "resources\\map\\bg\\map_bg\\slices\\1_3.jpg"
  },
  "79644ded-a7b6-40f2-a4e6-4c470e99e950": {
    "asset": 1587034147291,
    "meta": 1587034148607,
    "relativePath": "resources\\map\\bg\\map_bg\\slices\\1_5.jpg"
  },
  "8a8783f4-6058-4575-8d5a-9ac3c119e126": {
    "asset": 1587034147292,
    "meta": 1587034148631,
    "relativePath": "resources\\map\\bg\\map_bg\\slices\\1_6.jpg"
  },
  "2747827a-764a-4b02-8da7-b4df37e198aa": {
    "asset": 1587034147292,
    "meta": 1587034148685,
    "relativePath": "resources\\map\\bg\\map_bg\\slices\\1_7.jpg"
  },
  "525a6a0c-0d9f-4dcf-b24a-5733eeae876c": {
    "asset": 1587034147292,
    "meta": 1587034148708,
    "relativePath": "resources\\map\\bg\\map_bg\\slices\\1_8.jpg"
  },
  "a2e5e45b-580f-4b6a-8186-43f7dee33c51": {
    "asset": 1587034147292,
    "meta": 1587034148759,
    "relativePath": "resources\\map\\bg\\map_bg\\slices\\1_9.jpg"
  },
  "f338da04-db0e-4184-a777-896393a8ab4a": {
    "asset": 1587034147293,
    "meta": 1587034148785,
    "relativePath": "resources\\map\\bg\\map_bg\\slices\\2_1.jpg"
  },
  "0f011a1b-4e30-406b-962c-22999e251d2b": {
    "asset": 1587034147292,
    "meta": 1587034148835,
    "relativePath": "resources\\map\\bg\\map_bg\\slices\\2_10.jpg"
  },
  "db0bec54-6472-4ea0-bd39-32f24eb99106": {
    "asset": 1587034147292,
    "meta": 1587034148858,
    "relativePath": "resources\\map\\bg\\map_bg\\slices\\2_2.jpg"
  },
  "5cea6470-f7b2-4880-bb27-1e2177ef19e0": {
    "asset": 1587034147293,
    "meta": 1587034148913,
    "relativePath": "resources\\map\\bg\\map_bg\\slices\\2_3.jpg"
  },
  "d488863f-2d6d-4f73-b06f-6fe1ecb3f292": {
    "asset": 1587034147293,
    "meta": 1587034148937,
    "relativePath": "resources\\map\\bg\\map_bg\\slices\\2_4.jpg"
  },
  "f55b6d4b-ff4f-49d7-9e7e-aa6858dd470f": {
    "asset": 1587034147293,
    "meta": 1587034148993,
    "relativePath": "resources\\map\\bg\\map_bg\\slices\\2_5.jpg"
  },
  "fbc60f17-210a-448e-8c0d-3ee942b2eae5": {
    "asset": 1587034147293,
    "meta": 1587034149018,
    "relativePath": "resources\\map\\bg\\map_bg\\slices\\2_6.jpg"
  },
  "b3bb5cd1-b1f6-4eca-bb3f-2d606650388c": {
    "asset": 1587034147293,
    "meta": 1587034149072,
    "relativePath": "resources\\map\\bg\\map_bg\\slices\\2_8.jpg"
  },
  "3368b837-2ec3-40d8-b3bb-d56d81397157": {
    "asset": 1587034147293,
    "meta": 1587034149096,
    "relativePath": "resources\\map\\bg\\map_bg\\slices\\2_7.jpg"
  },
  "76a4fdff-546d-46ac-bf1c-1988c78d8f09": {
    "asset": 1587034147294,
    "meta": 1587034149154,
    "relativePath": "resources\\map\\bg\\map_bg\\slices\\3_1.jpg"
  },
  "42c2cea2-cc51-4fa9-b272-696d3be0b97b": {
    "asset": 1587034147294,
    "meta": 1587034149177,
    "relativePath": "resources\\map\\bg\\map_bg\\slices\\2_9.jpg"
  },
  "4b067a4e-9b87-4966-9a64-582618532d43": {
    "asset": 1587034147294,
    "meta": 1587034149230,
    "relativePath": "resources\\map\\bg\\map_bg\\slices\\3_2.jpg"
  },
  "4dab1e6a-7a8d-471a-b78b-c7d7d2d2c420": {
    "asset": 1587034147294,
    "meta": 1587034149253,
    "relativePath": "resources\\map\\bg\\map_bg\\slices\\3_10.jpg"
  },
  "b33580d1-b152-4ac5-969f-0893eb1a3b42": {
    "asset": 1587034147296,
    "meta": 1587034149302,
    "relativePath": "resources\\map\\bg\\map_bg\\slices\\3_3.jpg"
  },
  "266ac016-3554-4d36-91fc-a4be24a9e1f3": {
    "asset": 1587034147296,
    "meta": 1587034149325,
    "relativePath": "resources\\map\\bg\\map_bg\\slices\\3_4.jpg"
  },
  "26e3876c-60a3-497d-967c-f81de2a662da": {
    "asset": 1587034147296,
    "meta": 1587034149373,
    "relativePath": "resources\\map\\bg\\map_bg\\slices\\3_5.jpg"
  },
  "601b16e4-b13c-4852-81d5-76913754db9a": {
    "asset": 1587034147297,
    "meta": 1587034149397,
    "relativePath": "resources\\map\\bg\\map_bg\\slices\\3_6.jpg"
  },
  "7b100951-9a74-4696-b805-6f73677f5b96": {
    "asset": 1587034147296,
    "meta": 1587034149446,
    "relativePath": "resources\\map\\bg\\map_bg\\slices\\3_7.jpg"
  },
  "d977132b-c834-45be-a1a4-a2c65784869e": {
    "asset": 1587034147297,
    "meta": 1587034149468,
    "relativePath": "resources\\map\\bg\\map_bg\\slices\\3_8.jpg"
  },
  "2cc329b7-efe1-4fd7-a8ef-e5a0ae1f316e": {
    "asset": 1587034147297,
    "meta": 1587034149522,
    "relativePath": "resources\\map\\bg\\map_bg\\slices\\4_1.jpg"
  },
  "1b738f8d-a2a2-48d7-8fd6-2b1720e4dedb": {
    "asset": 1587034147297,
    "meta": 1587034149545,
    "relativePath": "resources\\map\\bg\\map_bg\\slices\\3_9.jpg"
  },
  "3a14276e-84f1-4783-be59-474bd455bcd2": {
    "asset": 1587034147297,
    "meta": 1587034149601,
    "relativePath": "resources\\map\\bg\\map_bg\\slices\\4_2.jpg"
  },
  "6cc3f4fd-a076-4b30-b7e2-b288943479b4": {
    "asset": 1587034147297,
    "meta": 1587034149625,
    "relativePath": "resources\\map\\bg\\map_bg\\slices\\4_10.jpg"
  },
  "ec82e9e2-e903-4ef1-a7df-af4dbcc5c7ef": {
    "asset": 1587034147297,
    "meta": 1587034149682,
    "relativePath": "resources\\map\\bg\\map_bg\\slices\\4_3.jpg"
  },
  "658102ea-b309-4e82-83f7-8def5e6d19c3": {
    "asset": 1587034147298,
    "meta": 1587034149703,
    "relativePath": "resources\\map\\bg\\map_bg\\slices\\4_4.jpg"
  },
  "7b4075f5-62bf-4b5b-a556-f2a1a4182d5c": {
    "asset": 1587034147298,
    "meta": 1587034149756,
    "relativePath": "resources\\map\\bg\\map_bg\\slices\\4_5.jpg"
  },
  "98045d05-22ca-442f-8104-48ca34af0a8d": {
    "asset": 1587034147298,
    "meta": 1587034149778,
    "relativePath": "resources\\map\\bg\\map_bg\\slices\\4_6.jpg"
  },
  "3e24e887-c307-47cc-bdd8-3c27543b3421": {
    "asset": 1587034147298,
    "meta": 1587034149832,
    "relativePath": "resources\\map\\bg\\map_bg\\slices\\4_7.jpg"
  },
  "91f51e11-ac49-484e-8aeb-d53fb00f6fbc": {
    "asset": 1587034147299,
    "meta": 1587034149854,
    "relativePath": "resources\\map\\bg\\map_bg\\slices\\4_8.jpg"
  },
  "a7f64b91-2d4d-4b53-ab3a-c13ae3036e48": {
    "asset": 1587034147298,
    "meta": 1587034149905,
    "relativePath": "resources\\map\\bg\\map_bg\\slices\\4_9.jpg"
  },
  "257ec4a5-efa2-4b20-bfdd-43fb4617ec49": {
    "asset": 1587034147299,
    "meta": 1587034149928,
    "relativePath": "resources\\map\\bg\\map_bg\\slices\\5_1.jpg"
  },
  "7091f266-0ab8-4e11-a857-1cda83c95ede": {
    "asset": 1587034147299,
    "meta": 1587034149980,
    "relativePath": "resources\\map\\bg\\map_bg\\slices\\5_10.jpg"
  },
  "f86200ee-6ca0-45f8-bf77-da7fe5b92023": {
    "asset": 1587034147299,
    "meta": 1587034150007,
    "relativePath": "resources\\map\\bg\\map_bg\\slices\\5_2.jpg"
  },
  "19196120-b4c6-47bb-a6e9-1dc3da122b68": {
    "asset": 1587034147300,
    "meta": 1587034150063,
    "relativePath": "resources\\map\\bg\\map_bg\\slices\\5_4.jpg"
  },
  "bc8b1a2b-e107-4ee7-bb1d-ce64fbabd177": {
    "asset": 1587034147300,
    "meta": 1587034150157,
    "relativePath": "resources\\map\\bg\\map_bg\\slices\\5_3.jpg"
  },
  "01c1b375-c5fa-49aa-853e-b4bb31f4c019": {
    "asset": 1587034147300,
    "meta": 1587034150215,
    "relativePath": "resources\\map\\bg\\map_bg\\slices\\5_5.jpg"
  },
  "44f6329c-89f0-4f8f-9ae2-c7d5c4dcfc66": {
    "asset": 1587034147300,
    "meta": 1587034150239,
    "relativePath": "resources\\map\\bg\\map_bg\\slices\\5_6.jpg"
  },
  "6b889eab-ddd1-408a-b644-0603daf81845": {
    "asset": 1587034147300,
    "meta": 1587034150291,
    "relativePath": "resources\\map\\bg\\map_bg\\slices\\5_7.jpg"
  },
  "a8ae77f3-b2d0-4592-ad3b-3a7015686cb5": {
    "asset": 1587034147300,
    "meta": 1587034150314,
    "relativePath": "resources\\map\\bg\\map_bg\\slices\\5_8.jpg"
  },
  "c37057bc-95e8-4ae5-a2a6-90ed975fcb1e": {
    "asset": 1587034147300,
    "meta": 1587034150369,
    "relativePath": "resources\\map\\bg\\map_bg\\slices\\5_9.jpg"
  },
  "ccb131c6-cf71-47e0-bb07-1eed2a0401c4": {
    "asset": 1587034147300,
    "meta": 1587034150393,
    "relativePath": "resources\\map\\bg\\map_bg\\slices\\6_1.jpg"
  },
  "5265c145-305d-410c-96b7-8e9c6aa89547": {
    "asset": 1587034147301,
    "meta": 1587034150447,
    "relativePath": "resources\\map\\bg\\map_bg\\slices\\6_10.jpg"
  },
  "b77ee58e-fb4e-432c-974d-72160585c068": {
    "asset": 1587034147301,
    "meta": 1587034150470,
    "relativePath": "resources\\map\\bg\\map_bg\\slices\\6_2.jpg"
  },
  "0ab5026d-c2c1-49b4-a080-13f8d8a658a7": {
    "asset": 1587034147301,
    "meta": 1587034150524,
    "relativePath": "resources\\map\\bg\\map_bg\\slices\\6_3.jpg"
  },
  "0a0b058c-89c5-466a-91ba-726e2c95e9cb": {
    "asset": 1587034147301,
    "meta": 1587034150549,
    "relativePath": "resources\\map\\bg\\map_bg\\slices\\6_4.jpg"
  },
  "3f890e47-138b-4ba4-8711-7b9cac7b9480": {
    "asset": 1587034147301,
    "meta": 1587034150606,
    "relativePath": "resources\\map\\bg\\map_bg\\slices\\6_6.jpg"
  },
  "2736d3fc-eb52-4e1b-9f58-0d537b35d1c7": {
    "asset": 1587034147301,
    "meta": 1587034150629,
    "relativePath": "resources\\map\\bg\\map_bg\\slices\\6_5.jpg"
  },
  "6233487a-10f3-44a5-82d6-8cc911310a9b": {
    "asset": 1587034147304,
    "meta": 1587034150689,
    "relativePath": "resources\\map\\bg\\map_bg\\slices\\6_7.jpg"
  },
  "4684aea6-f331-4845-97df-c1bc25d65b54": {
    "asset": 1587034147303,
    "meta": 1587034150712,
    "relativePath": "resources\\map\\bg\\map_bg\\slices\\6_8.jpg"
  },
  "11417521-591a-4003-a8c2-b2c74d553cce": {
    "asset": 1587034147304,
    "meta": 1587034150774,
    "relativePath": "resources\\map\\bg\\map_bg\\slices\\6_9.jpg"
  },
  "8f88c774-daf8-4d3d-8542-f6758770d725": {
    "asset": 1587034147305,
    "meta": 1587034150798,
    "relativePath": "resources\\map\\bg\\map_bg\\slices\\7_1.jpg"
  },
  "21095d44-96fc-43f0-ac69-20d25f9c21a4": {
    "asset": 1587034147305,
    "meta": 1587034150875,
    "relativePath": "resources\\map\\bg\\map_bg\\slices\\7_10.jpg"
  },
  "f1b229e4-28c2-47bb-b40e-7bdec694a1dc": {
    "asset": 1587034147305,
    "meta": 1587034150897,
    "relativePath": "resources\\map\\bg\\map_bg\\slices\\7_2.jpg"
  },
  "69670a1a-0101-4a9e-8d4f-39b0b9eac591": {
    "asset": 1587034147305,
    "meta": 1587034150946,
    "relativePath": "resources\\map\\bg\\map_bg\\slices\\7_3.jpg"
  },
  "7c506aa9-aa2d-47ee-9eef-15dbb707c00c": {
    "asset": 1587034147305,
    "meta": 1587034150974,
    "relativePath": "resources\\map\\bg\\map_bg\\slices\\7_4.jpg"
  },
  "35e5b8ac-2bb1-43d8-a986-1a78c795bd62": {
    "asset": 1587034147306,
    "meta": 1587034151041,
    "relativePath": "resources\\map\\bg\\map_bg\\slices\\7_6.jpg"
  },
  "9eb2077c-7021-4d5d-8a70-19241ad68f1d": {
    "asset": 1587034147305,
    "meta": 1587034151052,
    "relativePath": "resources\\map\\bg\\map_bg\\slices\\7_5.jpg"
  },
  "d4f3c27b-b7da-45e2-9276-8cf13e279e07": {
    "asset": 1587034147306,
    "meta": 1587034151110,
    "relativePath": "resources\\map\\bg\\map_bg\\slices\\7_7.jpg"
  },
  "f0539fd4-363d-44d4-a9c8-b5b3321d7974": {
    "asset": 1587034147306,
    "meta": 1587034151134,
    "relativePath": "resources\\map\\bg\\map_bg\\slices\\7_8.jpg"
  },
  "cfe1f836-e0d5-4a7a-af99-c485ec243d2e": {
    "asset": 1587034147307,
    "meta": 1587034151181,
    "relativePath": "resources\\map\\bg\\map_bg\\slices\\7_9.jpg"
  },
  "cb924b7b-003d-4995-a223-f41612b1d87c": {
    "asset": 1587036786427,
    "meta": 1587037789801,
    "relativePath": "script\\map\\charactor\\MovieClip.ts"
  },
  "6639aca8-e031-4a65-8094-d8e059cf26fe": {
    "asset": 1587036822553,
    "meta": 1587037789945,
    "relativePath": "script\\map\\layer\\EntityLayer.ts"
  },
  "a0091b9b-c39d-45b0-bcec-3f5a5c6258bf": {
    "asset": 1587039255482,
    "meta": 1587039706201,
    "relativePath": "script\\map\\base\\MapData.ts"
  },
  "2f328b5a-8e30-4411-a6d1-997689a315a7": {
    "asset": 1587037929528,
    "meta": 1587039706301,
    "relativePath": "script\\map\\base\\MapLoadModel.ts"
  },
  "6b00edff-eb4a-4dcb-af47-ad707888c9b8": {
    "asset": 1587039532056,
    "meta": 1587039706476,
    "relativePath": "script\\map\\base\\MapParams.ts"
  },
  "8308c005-830b-4288-a319-762d1c8aab3f": {
    "asset": 1587050944930,
    "meta": 1587050945066,
    "relativePath": "resources\\map\\bg\\map_bg\\miniMap.jpg"
  },
  "08578b79-565f-4dd5-9956-df43399c7622": {
    "asset": 1587055123858,
    "meta": 1587055207778,
    "relativePath": "script\\Main.ts"
  },
  "753fb70a-638e-44d4-b736-f8696df44858": {
    "asset": 1587055237881,
    "meta": 1587133969841,
    "relativePath": "script\\map\\layer\\MapLayer.ts"
  },
  "85ddc0f7-8d2c-41bb-986f-32c00a8f643a": {
    "asset": 1587055153968,
    "meta": 1587055208237,
    "relativePath": "script\\SceneMap.ts"
  },
  "cbc1684f-2e32-4088-a784-3c147c9b6f31": {
    "asset": 1587134139530,
    "meta": 1587134140993,
    "relativePath": "script\\map\\charactor\\Charactor.ts"
  },
  "483f7729-f054-4d6c-8774-ee79567ccaf8": {
    "asset": 1587134253488,
    "meta": 1587134254114,
    "relativePath": "scene\\game.fire"
  },
  "430eccbf-bf2c-4e6e-8c0c-884bbb487f32": {
    "asset": 1568707382000,
    "meta": 1591032061052,
    "relativePath": "effects\\__builtin-editor-gizmo-line.effect"
  },
  "6c5cf6e1-b044-4eac-9431-835644d57381": {
    "asset": 1568707382000,
    "meta": 1591032061226,
    "relativePath": "effects\\__builtin-editor-gizmo-unlit.effect"
  },
  "115286d1-2e10-49ee-aab4-341583f607e8": {
    "asset": 1568707382000,
    "meta": 1591032061403,
    "relativePath": "effects\\__builtin-editor-gizmo.effect"
  },
  "abc2cb62-7852-4525-a90d-d474487b88f2": {
    "asset": 1568707382000,
    "meta": 1591032061419,
    "relativePath": "effects\\builtin-phong.effect"
  },
  "71561142-4c83-4933-afca-cb7a17f67053": {
    "asset": 1568707382000,
    "meta": 1591032061727,
    "relativePath": "image\\default_btn_disabled.png"
  },
  "e851e89b-faa2-4484-bea6-5c01dd9f06e2": {
    "asset": 1568707382000,
    "meta": 1591032061699,
    "relativePath": "image\\default_btn_normal.png"
  },
  "b43ff3c2-02bb-4874-81f7-f2dea6970f18": {
    "asset": 1568707382000,
    "meta": 1591032061787,
    "relativePath": "image\\default_btn_pressed.png"
  },
  "edd215b9-2796-4a05-aaf5-81f96c9281ce": {
    "asset": 1568707382000,
    "meta": 1591032061816,
    "relativePath": "image\\default_editbox_bg.png"
  },
  "d81ec8ad-247c-4e62-aa3c-d35c4193c7af": {
    "asset": 1568707382000,
    "meta": 1591032061869,
    "relativePath": "image\\default_panel.png"
  },
  "99170b0b-d210-46f1-b213-7d9e3f23098a": {
    "asset": 1568707382000,
    "meta": 1591032061896,
    "relativePath": "image\\default_progressbar_bg.png"
  },
  "cfef78f1-c8df-49b7-8ed0-4c953ace2621": {
    "asset": 1568707382000,
    "meta": 1591032061944,
    "relativePath": "image\\default_progressbar.png"
  },
  "567dcd80-8bf4-4535-8a5a-313f1caf078a": {
    "asset": 1568707382000,
    "meta": 1591032061971,
    "relativePath": "image\\default_radio_button_off.png"
  },
  "4bab67cb-18e6-4099-b840-355f0473f890": {
    "asset": 1568707382000,
    "meta": 1591032062048,
    "relativePath": "image\\default_scrollbar_bg.png"
  },
  "9d60001f-b5f4-4726-a629-2659e3ded0b8": {
    "asset": 1568707382000,
    "meta": 1591032062023,
    "relativePath": "image\\default_radio_button_on.png"
  },
  "d6d3ca85-4681-47c1-b5dd-d036a9d39ea2": {
    "asset": 1568707382000,
    "meta": 1591032062174,
    "relativePath": "image\\default_scrollbar_vertical.png"
  },
  "617323dd-11f4-4dd3-8eec-0caf6b3b45b9": {
    "asset": 1568707382000,
    "meta": 1591032062110,
    "relativePath": "image\\default_scrollbar_vertical_bg.png"
  },
  "0291c134-b3da-4098-b7b5-e397edbe947f": {
    "asset": 1568707382000,
    "meta": 1591032062247,
    "relativePath": "image\\default_scrollbar.png"
  },
  "0275e94c-56a7-410f-bd1a-fc7483f7d14a": {
    "asset": 1568707382000,
    "meta": 1591032062261,
    "relativePath": "image\\default_sprite_splash.png"
  },
  "73a0903d-d80e-4e3c-aa67-f999543c08f5": {
    "asset": 1568707382000,
    "meta": 1591032062349,
    "relativePath": "image\\default_toggle_checkmark.png"
  },
  "6e056173-d285-473c-b206-40a7fff5386e": {
    "asset": 1568707382000,
    "meta": 1591032062321,
    "relativePath": "image\\default_sprite.png"
  },
  "c25b9d50-c8fc-4d27-beeb-6e7c1f2e5c0f": {
    "asset": 1568707382000,
    "meta": 1591032062429,
    "relativePath": "image\\default_toggle_disabled.png"
  },
  "d29077ba-1627-4a72-9579-7b56a235340c": {
    "asset": 1568707382000,
    "meta": 1591032062399,
    "relativePath": "image\\default_toggle_normal.png"
  },
  "c4480a0a-6ac5-443f-8b40-361a14257fc8": {
    "asset": 1568707382000,
    "meta": 1591032062459,
    "relativePath": "materials\\builtin-phong.mtl"
  },
  "2be36297-9abb-4fee-8049-9ed5e271da8a": {
    "asset": 1568707382000,
    "meta": 1591032062497,
    "relativePath": "misc\\default_video.mp4"
  },
  "b181c1e4-0a72-4a91-bfb0-ae6f36ca60bd": {
    "asset": 1568707382000,
    "meta": 1591032062537,
    "relativePath": "image\\default_toggle_pressed.png"
  },
  "a87cc147-01b2-43f8-8e42-a7ca90b0c757": {
    "asset": 1568707382000,
    "meta": 1591032062584,
    "relativePath": "model\\prefab\\box.prefab"
  },
  "fe1417b6-fe6b-46a4-ae7c-9fd331f33a2a": {
    "asset": 1568707382000,
    "meta": 1591032062597,
    "relativePath": "model\\prefab\\capsule.prefab"
  },
  "b5fc2cf2-7942-483d-be1f-bbeadc4714ad": {
    "asset": 1568707382000,
    "meta": 1591032062632,
    "relativePath": "model\\prefab\\cone.prefab"
  },
  "1c5e4038-953a-44c2-b620-0bbfc6170477": {
    "asset": 1568707382000,
    "meta": 1591032062660,
    "relativePath": "model\\prefab\\cylinder.prefab"
  },
  "3f376125-a699-40ca-ad05-04d662eaa1f2": {
    "asset": 1568707382000,
    "meta": 1591032062703,
    "relativePath": "model\\prefab\\plane.prefab"
  },
  "6c9ef10d-b479-420b-bfe6-39cdda6a8ae0": {
    "asset": 1568707382000,
    "meta": 1591032062715,
    "relativePath": "model\\prefab\\quad.prefab"
  },
  "2d9a4b85-b0ab-4c46-84c5-18f393ab2058": {
    "asset": 1568707382000,
    "meta": 1591032062759,
    "relativePath": "model\\prefab\\sphere.prefab"
  },
  "de510076-056b-484f-b94c-83bef217d0e1": {
    "asset": 1568707382000,
    "meta": 1591032062812,
    "relativePath": "model\\prefab\\torus.prefab"
  },
  "8a96b965-2dc0-4e03-aa90-3b79cb93b5b4": {
    "asset": 1568707382000,
    "meta": 1591032062881,
    "relativePath": "obsolete\\atom.png"
  },
  "b8223619-7e38-47c4-841f-9160c232495a": {
    "asset": 1568707382000,
    "meta": 1591032065146,
    "relativePath": "obsolete\\atom.plist"
  },
  "d0a82d39-bede-46c4-b698-c81ff0dedfff": {
    "asset": 1568707382000,
    "meta": 1591032063014,
    "relativePath": "particle\\atom.png"
  },
  "972b9a4d-47ee-4c74-b5c3-61d8a69bc29f": {
    "asset": 1568707382000,
    "meta": 1591032063154,
    "relativePath": "prefab\\button.prefab"
  },
  "b2687ac4-099e-403c-a192-ff477686f4f5": {
    "asset": 1568707382000,
    "meta": 1591032065133,
    "relativePath": "particle\\atom.plist"
  },
  "897ef7a1-4860-4f64-968d-f5924b18668a": {
    "asset": 1568707382000,
    "meta": 1591032063205,
    "relativePath": "prefab\\camera.prefab"
  },
  "2c937608-2562-40ea-b264-7395df6f0cea": {
    "asset": 1568707382000,
    "meta": 1591032063236,
    "relativePath": "prefab\\canvas.prefab"
  },
  "61aeb05b-3b32-452b-8eed-2b76deeed554": {
    "asset": 1568707382000,
    "meta": 1591032063270,
    "relativePath": "prefab\\editbox.prefab"
  },
  "27756ebb-3d33-44b0-9b96-e858fadd4dd4": {
    "asset": 1568707382000,
    "meta": 1591032063460,
    "relativePath": "prefab\\label.prefab"
  },
  "785a442c-3ceb-45be-a46e-7317f625f3b9": {
    "asset": 1568707382000,
    "meta": 1591032063494,
    "relativePath": "prefab\\layout.prefab"
  },
  "ddb99b39-7004-47cd-9705-751905c43c46": {
    "asset": 1568707382000,
    "meta": 1591032063560,
    "relativePath": "prefab\\light.prefab"
  },
  "ca8401fe-ad6e-41a8-bd46-8e3e4e9945be": {
    "asset": 1568707382000,
    "meta": 1591032063601,
    "relativePath": "prefab\\pageview.prefab"
  },
  "cd33edea-55f5-46c2-958d-357a01384a36": {
    "asset": 1568707382000,
    "meta": 1591032063702,
    "relativePath": "prefab\\particlesystem.prefab"
  },
  "5965ffac-69da-4b55-bcde-9225d0613c28": {
    "asset": 1568707382000,
    "meta": 1591032063804,
    "relativePath": "prefab\\progressBar.prefab"
  },
  "4a37dd57-78cd-4cec-aad4-f11a73d12b63": {
    "asset": 1568707382000,
    "meta": 1591032063855,
    "relativePath": "prefab\\richtext.prefab"
  },
  "32044bd2-481f-4cf1-a656-e2b2fb1594eb": {
    "asset": 1568707382000,
    "meta": 1591032063885,
    "relativePath": "prefab\\scrollview.prefab"
  },
  "0004d1cf-a0ad-47d8-ab17-34d3db9d35a3": {
    "asset": 1568707382000,
    "meta": 1591032063946,
    "relativePath": "prefab\\slider.prefab"
  },
  "1f55e3be-b89b-4b79-88de-47fd31018044": {
    "asset": 1568707382000,
    "meta": 1591032063975,
    "relativePath": "prefab\\sprite_splash.prefab"
  },
  "96083d03-c332-4a3f-9386-d03e2d19e8ee": {
    "asset": 1568707382000,
    "meta": 1591032064057,
    "relativePath": "prefab\\sprite.prefab"
  },
  "7de03a80-4457-438d-95a7-3e7cdffd6086": {
    "asset": 1568707382000,
    "meta": 1591032064087,
    "relativePath": "prefab\\tiledmap.prefab"
  },
  "0e42ba95-1fa1-46aa-b2cf-143cd1bcee2c": {
    "asset": 1568707382000,
    "meta": 1591032064168,
    "relativePath": "prefab\\tiledtile.prefab"
  },
  "0d784963-d024-4ea6-a7db-03be0ad63010": {
    "asset": 1568707382000,
    "meta": 1591032064198,
    "relativePath": "prefab\\toggle.prefab"
  },
  "bf0a434c-84dd-4a8e-a08a-7a36f180cc75": {
    "asset": 1568707382000,
    "meta": 1591032064242,
    "relativePath": "prefab\\toggleContainer.prefab"
  },
  "d1b8be49-b0a0-435c-83b7-552bed4bbe35": {
    "asset": 1568707382000,
    "meta": 1591032064306,
    "relativePath": "prefab\\toggleGroup.prefab"
  },
  "8c5001fd-07ee-4a4b-a8a0-63e15195e94d": {
    "asset": 1568707382000,
    "meta": 1591032064595,
    "relativePath": "prefab\\webview.prefab"
  },
  "232d2782-c4bd-4bb4-9e01-909f03d6d3b9": {
    "asset": 1568707382000,
    "meta": 1591032064334,
    "relativePath": "prefab\\videoplayer.prefab"
  },
  "144c3297-af63-49e8-b8ef-1cfa29b3be28": {
    "asset": 1568707382000,
    "meta": 1591032064369,
    "relativePath": "resources\\effects\\builtin-2d-gray-sprite.effect"
  },
  "0e93aeaa-0b53-4e40-b8e0-6268b4e07bd7": {
    "asset": 1568707382000,
    "meta": 1591032064434,
    "relativePath": "resources\\effects\\builtin-2d-spine.effect"
  },
  "2874f8dd-416c-4440-81b7-555975426e93": {
    "asset": 1568707382000,
    "meta": 1591032064471,
    "relativePath": "resources\\effects\\builtin-2d-sprite.effect"
  },
  "c0040c95-c57f-49cd-9cbc-12316b73d0d4": {
    "asset": 1568707382000,
    "meta": 1591032064523,
    "relativePath": "resources\\effects\\builtin-clear-stencil.effect"
  },
  "79eafaef-b7ef-45d9-9c3f-591dc836fc7a": {
    "asset": 1568707382000,
    "meta": 1591032064699,
    "relativePath": "resources\\effects\\builtin-unlit-transparent.effect"
  },
  "6d91e591-4ce0-465c-809f-610ec95019c6": {
    "asset": 1568707382000,
    "meta": 1591032064716,
    "relativePath": "resources\\effects\\builtin-unlit.effect"
  },
  "6f801092-0c37-4f30-89ef-c8d960825b36": {
    "asset": 1568707382000,
    "meta": 1591032064817,
    "relativePath": "resources\\materials\\builtin-2d-base.mtl"
  },
  "3a7bb79f-32fd-422e-ada2-96f518fed422": {
    "asset": 1568707382000,
    "meta": 1591032064785,
    "relativePath": "resources\\materials\\builtin-2d-gray-sprite.mtl"
  },
  "7afd064b-113f-480e-b793-8817d19f63c3": {
    "asset": 1568707382000,
    "meta": 1591032064849,
    "relativePath": "resources\\materials\\builtin-2d-spine.mtl"
  },
  "eca5d2f2-8ef6-41c2-bbe6-f9c79d09c432": {
    "asset": 1568707382000,
    "meta": 1591032064881,
    "relativePath": "resources\\materials\\builtin-2d-sprite.mtl"
  },
  "cf7e0bb8-a81c-44a9-ad79-d28d43991032": {
    "asset": 1568707382000,
    "meta": 1591032064905,
    "relativePath": "resources\\materials\\builtin-clear-stencil.mtl"
  },
  "2a296057-247c-4a1c-bbeb-0548b6c98650": {
    "asset": 1568707382000,
    "meta": 1591032064927,
    "relativePath": "resources\\materials\\builtin-unlit.mtl"
  },
  "954fec8b-cd16-4bb9-a3b7-7719660e7558": {
    "asset": 1568707382000,
    "meta": 1591032074942,
    "relativePath": "model\\primitives.fbx"
  },
  "a3a19dc4-7645-485a-80e0-b49fdb062b00": {
    "asset": 1591032134317,
    "meta": 1591032136239,
    "relativePath": "script\\map\\road\\AStarRoadSeeker.ts"
  },
  "470f8a32-bf7c-4747-bd7d-07042bbc389e": {
    "asset": 1591032134339,
    "meta": 1591032136243,
    "relativePath": "script\\map\\road\\AstarHoneycombRoadSeeker.ts"
  }
}